image_path,ups,downs,score,title,subreddit
downloads\reddit\memes\1qi2ooa Expected reply I think.jpg,260,0,260,Expected reply I think,memes
downloads\reddit\memes\1qi4w97 Executive Dysfunction is a Cruel Mistress.png,115,0,115,Executive Dysfunction is a Cruel Mistress,memes
downloads\reddit\memes\1qi5am0 Yeah good bye braincell.jpg,261,0,261,Yeah good bye braincell,memes
downloads\reddit\memes\1qi6cqz Material meme.png,102,0,102,Material meme,memes
downloads\reddit\memes\1qi6hug God damn it.png,55,0,55,God damn it,memes
downloads\reddit\memes\1qi6jub How it feels daily driving a 90s car.jpg,32389,0,32389,How it feels daily driving a 90s car,memes
downloads\reddit\memes\1qi6wci I guess not having a public count isn’t good enough.jpg,11222,0,11222,I guess not having a public count isn’t good enough,memes
downloads\reddit\memes\1qi97fu I'm alone........png,262,0,262,I'm alone.......,memes
downloads\reddit\memes\1qiacl3 Bronze was a goated metal tbh.jpg,1054,0,1054,Bronze was a goated metal tbh,memes
downloads\reddit\memes\1qiaq6b The Perfect neutrality.jpg,3154,0,3154,The Perfect neutrality,memes
downloads\reddit\memes\1qiavvb Anime_ Hentai_ Ecchi_ I don't know wtf it is..png,10624,0,10624,Anime? Hentai? Ecchi? I don't know wtf it is.,memes
downloads\reddit\memes\1qicear Source_ Lonely Kagome.jpg,65,0,65,Source: Lonely Kagome,memes
downloads\reddit\memes\1qicfs8 That’s how it is sometimes.jpg,4730,0,4730,That’s how it is sometimes,memes
downloads\reddit\memes\1qid6ya How could that have started that long ago..jpg,311,0,311,How could that have started that long ago.,memes
downloads\reddit\memes\1qid7be _Glass Shatters_.png,153,0,153,*Glass Shatters*,memes
"downloads\reddit\memes\1qiffex I can ride the bike, but the asphalt is the best teacher..jpg",227,0,227,"I can ride the bike, but the asphalt is the best teacher.",memes
"downloads\reddit\memes\1qifjsh My bad, I’ll type in full next time.jpg",85,0,85,"My bad, I’ll type in full next time",memes
downloads\reddit\memes\1qig875 It was a great idea and it's gonna be finished at some point.jpg,633,0,633,It was a great idea and it's gonna be finished at some point,memes
downloads\reddit\memes\1qih259 It is hard to resist.png,1728,0,1728,It is hard to resist,memes
downloads\reddit\memes\1qiif4x French madlad.jpg,7774,0,7774,French madlad,memes
downloads\reddit\memes\1qiiocs The state of GTA VI.jpg,71,0,71,The state of GTA VI,memes
downloads\reddit\memes\1qiixv2 aw shucks dude.png,533,0,533,aw shucks dude,memes
downloads\reddit\memes\1qijnm4 That's rough.jpg,1623,0,1623,That's rough,memes
downloads\reddit\memes\1qikix8 True story btw.jpg,4221,0,4221,True story btw,memes
downloads\reddit\memes\1qiks5m American Corporations be like_.jpg,932,0,932,American Corporations be like:,memes
downloads\reddit\memes\1qikzu8 Begun it has….jpg,67,0,67,Begun it has…,memes
downloads\reddit\memes\1qim16b Coming soon....png,579,0,579,Coming soon...,memes
"downloads\reddit\memes\1qim1is So it's Avatar and Over the hedge had a baby, baptized by Michael Bay, huh..jpg",80,0,80,"So it's Avatar and Over the hedge had a baby, baptized by Michael Bay, huh.",memes
"downloads\reddit\memes\1qimded Drawing could be better, but I tried and that's something..png",14471,0,14471,"Drawing could be better, but I tried and that's something.",memes
downloads\reddit\memes\1qinzow I'm such a coward bully cad and thief.jpg,74,0,74,I'm such a coward bully cad and thief,memes
downloads\reddit\memes\1qio13w I find this so annoying.jpg,836,0,836,I find this so annoying,memes
downloads\reddit\memes\1qioo24 Wait a second....jpg,88,0,88,Wait a second...,memes
downloads\reddit\memes\1qiqbcw Can't be asked.jpg,159,0,159,Can't be asked,memes
downloads\reddit\memes\1qiqzc0 Fly On The Wall.jpg,3138,0,3138,Fly On The Wall,memes
downloads\reddit\memes\1qir037 2026 Gaming in a nutshell.jpg,4342,0,4342,2026 Gaming in a nutshell,memes
downloads\reddit\memes\1qirbvc That's not what-.jpg,240,0,240,That's not what-,memes
downloads\reddit\memes\1qirs1l TO THE WINDOW TO THE WALL! TILL THE SWEAT DRIP DOWN MY BALLS!.png,199,0,199,TO THE WINDOW TO THE WALL! TILL THE SWEAT DRIP DOWN MY BALLS!,memes
downloads\reddit\memes\1qitw7m throw it in the bin.png,877,0,877,throw it in the bin,memes
downloads\reddit\memes\1qiuew2 Global warming effect.jpg,108,0,108,Global warming effect,memes
downloads\reddit\memes\1qiv4il kkkkkkkkkk.jpg,81,0,81,kkkkkkkkkk,memes
"downloads\reddit\memes\1qiv74v DNA test_ Nah, copy + paste.png",395,0,395,"DNA test? Nah, copy + paste",memes
downloads\reddit\memes\1qiwbk8 To the attack!!.jpg,549,0,549,To the attack!!,memes
downloads\reddit\memes\1qiwsyr now he have to restart.jpg,104,0,104,now he have to restart,memes
downloads\reddit\memes\1qix0hw Then distribute your inheritance to everyone in the team boss.png,134,0,134,Then distribute your inheritance to everyone in the team boss,memes
downloads\reddit\memes\1qix50p 3_4 ⠀⠀⠀⠀⠀⠀⠀⠀⠀⠀.jpg,1005,0,1005,3/4 ⠀⠀⠀⠀⠀⠀⠀⠀⠀⠀,memes
downloads\reddit\memes\1qixjnd AMERICA NEEDS EL FREEDOM.jpg,45,0,45,AMERICA NEEDS EL FREEDOM,memes
