url,score
https://www.reddit.com/r/FingMemes/comments/1pxhove/goated_for_a_reason/#lightbox,8
https://www.reddit.com/r/HolUp/comments/1qbwhqs/wholesome_couple/,8
https://www.reddit.com/r/HolUp/comments/1q6tz8f/went_shopping_tried_some_stuff_on_but_didnt_buy/,7
https://www.reddit.com/r/HolUp/comments/1qhzh81/black_panthers_protesting_ice/,5
https://www.reddit.com/r/HolUp/comments/1qhzwa9/the_teacher_said_stop_lying_then_superman_showed/,7
https://www.reddit.com/r/HolUp/comments/1qi2n82/squints_suspiciously/,6
https://www.reddit.com/r/HolUp/comments/1qi2n82/squints_suspiciously/,9
https://www.reddit.com/r/HolUp/comments/1qhybrp/cant_deny_evidence/,6
https://www.reddit.com/r/HolUp/comments/1qi1422/sounds_like_an_amazing_idea/,8
https://www.reddit.com/r/HolUp/comments/1pw8sa2/slap_slap_slap/,9
https://www.reddit.com/r/HolUp/comments/1qhjdvp/never_give_up_on_your_dream/,5
https://www.reddit.com/r/HolUp/comments/1qg0smp/i_thought_she_was_alone_too_then_i_saw_it/,9
https://www.reddit.com/r/HolUp/comments/1qi21ic/grandpa_you_okay/,10
https://www.reddit.com/r/HolUp/comments/1q7zrm8/i_dont_really_understand_the_world/,8
https://www.reddit.com/r/HolUp/comments/1qhenir/well_executed_comment/,5
https://www.reddit.com/r/HolUp/comments/1qhzegs/walked_right_into_that_one/,10
https://www.reddit.com/r/HolUp/comments/1qh5ilk/my_4th_grade_teacher_was_a_300_pound_bald_lady/,8
https://www.reddit.com/r/HolUp/comments/1qchkx7/thatll_fill_you_up_pretty_nice/,3
https://www.reddit.com/r/HolUp/comments/1ptexf2/welcome_to_the_family/,10
https://www.reddit.com/r/HolUp/comments/1qi0iqh/whats_your_last_name_btw/,9
https://www.reddit.com/r/HolUp/comments/1qhukqg/well_that_took_an_unexpected_turn/,4
https://www.reddit.com/r/HolUp/comments/1qgqfck/lol/,3
https://www.reddit.com/r/HolUp/comments/1qgh0ux/is_she_though/,6
https://www.reddit.com/r/HolUp/comments/1qfj7al/title/#lightbox,8
https://www.reddit.com/r/HolUp/comments/1qgihmr/autocorrect/#lightbox,9
https://www.reddit.com/r/HolUp/comments/1qh2ia9/that_escalated_from_wholesome_to_savage_real_quick/#lightbox,9
https://www.reddit.com/r/HolUp/comments/1q3suc6/she_was_on_his_naughty_list/#lightbox,10
https://www.reddit.com/r/HolUp/comments/1qhz9q2/bro_used_google_translate/#lightbox,10
https://www.reddit.com/r/HolUp/comments/1qhz79m/sorry_no_ingles/#lightbox,6
https://www.reddit.com/r/HolUp/comments/1qdsjii/well_thats_an_idea/#lightbox,10
https://www.reddit.com/r/HolUp/comments/1pw7xoq/ah_the_classics/#lightbox,8
https://www.reddit.com/r/HolUp/comments/1qejq1n/youth/#lightbox,7
https://www.reddit.com/r/HolUp/comments/1q78zjw/wait_what/#lightbox,3
https://www.reddit.com/r/HolUp/comments/1qemvj6/i_beg_your_pardon/#lightbox,4
https://www.reddit.com/r/HolUp/comments/1qhtjqf/my_reddit_homepage_has_a_sense_of_humor/#lightbox,2
https://www.reddit.com/r/HolUp/comments/1qhmpkj/the_dog_is_happy/#lightbox,1
https://www.reddit.com/r/HolUp/comments/1ptrl7q/x_takes_up_too_much_space_its_time_to_delete_it/#lightbox,9
https://www.reddit.com/r/HolUp/comments/1qbnjwm/cursed_millenials/#lightbox,8
https://www.reddit.com/r/indianmedschool/comments/1qe6l1f/kuch_tippani_karna_chahenge_ispe/#lightbox,9
https://www.reddit.com/r/bollywoodmemes/comments/1qhsav3/which_bollywood_movie/#lightbox,9
https://www.reddit.com/r/TeenIndia/comments/1qi0njr/lets_see_who_among_you_is_smart_enough/#lightbox,7
https://www.reddit.com/r/PataHaiAajKyaHua/comments/1qg2olw/which_one_is_a_woman/#lightbox,7
https://www.reddit.com/r/BollywoodHotTakes/comments/1qgyu77/disha_patani_old_ad/#lightbox,9
https://www.reddit.com/r/StrangerThings/comments/1qg0kl7/after_you_dated_an_eleven_even_tens_fall_short/,1
https://www.reddit.com/r/PeterExplainsTheJoke/comments/1qf96at/its_not_porn_right_it_cant_be/,7
https://www.reddit.com/r/PeterExplainsTheJoke/comments/1qi78gt/petah_i_nees_your_help/#lightbox,8
https://www.reddit.com/r/PeterExplainsTheJoke/comments/1qe7j9q/i_know_a_bit_about_chest_but_thats_it_pete/,8
https://www.reddit.com/r/PeterExplainsTheJoke/comments/1psaeos/peter_help_me/#lightbox,9
https://www.reddit.com/r/PeterExplainsTheJoke/comments/1qi52sp/petah_i_dont_know_anything_about_guns/#lightbox,6
https://www.reddit.com/r/PeterExplainsTheJoke/comments/1qfmccl/help_me_peter/#lightbox,6
https://www.reddit.com/r/PeterExplainsTheJoke/comments/1qi1q6g/peter/#lightbox,6
https://www.reddit.com/r/PeterExplainsTheJoke/comments/1qi4vtb/please_explain_peter/#lightbox,9
https://www.reddit.com/r/PeterExplainsTheJoke/comments/1qdkmj7/peter_why_is_the_electrician_portrayed_as_a/#lightbox,7
https://www.reddit.com/r/PeterExplainsTheJoke/comments/1qi0zue/petaaaaaaaaa/#lightbox,6
https://www.reddit.com/r/PeterExplainsTheJoke/comments/1qhrtrb/petah_what_does_21_means/#lightbox,9
https://www.reddit.com/r/PeterExplainsTheJoke/comments/1qe2k6t/petah_what_the_fuck_is_this_guy_doing_im_not/#lightbox,7
https://www.reddit.com/r/PeterExplainsTheJoke/comments/1qhxwcw/peter_why_couldnt_she_resist/#lightbox,10
https://www.reddit.com/r/PeterExplainsTheJoke/comments/1q9c6qd/help_i_dont_the_astronomers_parr/#lightbox,9
https://www.reddit.com/r/PeterExplainsTheJoke/comments/1qigrwx/petah_what_does_moon_mean_in_this_case/#lightbox,8
https://www.reddit.com/r/PeterExplainsTheJoke/comments/1qec8mh/petah_why_is_his_right_cheek_inactive/#lightbox,7
https://www.reddit.com/r/PeterExplainsTheJoke/comments/1qhufis/petah_why_she_sweating/#lightbox,9
https://www.reddit.com/r/PeterExplainsTheJoke/comments/1qhox7s/peter_why_is_jesus_saying_that/#lightbox,8
https://www.reddit.com/r/PeterExplainsTheJoke/comments/1qigd2v/petaahthis_is_too_silent_for_me_to_understand/#lightbox,10
https://www.reddit.com/r/PeterExplainsTheJoke/comments/1qhlpmo/petah/#lightbox,4
https://www.reddit.com/r/PeterExplainsTheJoke/comments/1qhzpth/explain_me_peter/#lightbox,9
https://www.reddit.com/r/PeterExplainsTheJoke/comments/1pt8krh/petah/#lightbox,4
https://www.reddit.com/r/PeterExplainsTheJoke/comments/1qifnow/explain_this_peter_im_too_stupid_to_understand/#lightbox,3
https://www.reddit.com/r/PeterExplainsTheJoke/comments/1pr4fkv/petahh_whats_this_mean/#lightbox,9
https://www.reddit.com/r/PeterExplainsTheJoke/comments/1ptnf6f/peter/#lightbox,9
https://www.reddit.com/r/PeterExplainsTheJoke/comments/1qi3jxh/its_like_pursuit_but_fursuit_whats_wrong_with_that/#lightbox,5
https://www.reddit.com/r/PeterExplainsTheJoke/comments/1qbe1x9/petah_what_is_going_on_here/#lightbox,3
https://www.reddit.com/r/PeterExplainsTheJoke/comments/1qh8pf5/petah/#lightbox,8
https://www.reddit.com/r/PeterExplainsTheJoke/comments/1qhi48p/peterrr/#lightbox,6
https://www.reddit.com/r/PeterExplainsTheJoke/comments/1qfdy4m/petah/#lightbox,9
https://www.reddit.com/r/PeterExplainsTheJoke/comments/1pw6z5s/petaah_help/#lightbox,9
https://www.reddit.com/r/PeterExplainsTheJoke/comments/1pynsjr/petah_why/#lightbox,9
https://www.reddit.com/r/PeterExplainsTheJoke/comments/1qho087/sir_pete/#lightbox,10
https://www.reddit.com/r/PeterExplainsTheJoke/comments/1q7bfec/what_do_you_think_it_is_peter/#lightbox,10
https://www.reddit.com/r/PeterExplainsTheJoke/comments/1qdvymc/petah/#lightbox,9
https://www.reddit.com/r/PeterExplainsTheJoke/comments/1q48phq/petahhh_whats_a_headboard/#lightbox,7
https://www.reddit.com/r/PeterExplainsTheJoke/comments/1qi485l/but_peter_im_not_a_linux_user/#lightbox,9
https://www.reddit.com/r/PeterExplainsTheJoke/comments/1qi485l/but_peter_im_not_a_linux_user/#lightbox,9
https://www.reddit.com/r/PeterExplainsTheJoke/comments/1qh3obm/petahhhhhhhh/#lightbox,5
https://www.reddit.com/r/PeterExplainsTheJoke/comments/1pxq31z/what_happened_in_oklahoma/#lightbox,8
https://www.reddit.com/r/PeterExplainsTheJoke/comments/1q0rtx5/petah/#lightbox,9
https://www.reddit.com/r/PeterExplainsTheJoke/comments/1pvq5yi/peter/#lightbox,6
https://www.reddit.com/r/PeterExplainsTheJoke/comments/1qhczvz/i_dont_understand_this/#lightbox,2
https://www.reddit.com/r/PeterExplainsTheJoke/comments/1qh6vl3/peter_i_still_dont_get_the_fnaf_lore/#lightbox,5
https://www.reddit.com/r/PeterExplainsTheJoke/comments/1qh68hq/peter_what_is_that_comment_with_the_pencil_about/#lightbox,9
https://www.reddit.com/r/PeterExplainsTheJoke/comments/1qdb75v/petah_what_does_the_target_mean_exactly/#lightbox,7
https://www.reddit.com/r/HolUp/comments/1qi9dnx/wtf_human/#lightbox,8
https://www.reddit.com/r/HolUp/comments/1qieytl/oh_noo/#lightbox,9
https://www.reddit.com/r/HolUp/comments/1qi8adj/oneway_system/#lightbox,9
https://www.reddit.com/r/HolUp/comments/1qi7p54/maybe/#lightbox,7
https://www.reddit.com/r/FingMemes/comments/1qiakge/am_i_cooked/#lightbox,10
https://www.reddit.com/r/FingMemes/comments/1qi1vc8/bbcno_words/#lightbox,10
https://www.reddit.com/r/FingMemes/comments/1qi7n2e/they_gonna_attack_on_my_face/#lightbox,9
https://www.reddit.com/r/FingMemes/comments/1qi8nxn/from_horror_to_khetiwadi/#lightbox,8
https://www.reddit.com/r/memes/comments/1qi6jub/how_it_feels_daily_driving_a_90s_car/#lightbox,8
https://www.reddit.com/r/memes/comments/1qih259/it_is_hard_to_resist/#lightbox,8
https://www.reddit.com/r/memes/comments/1qi6wci/i_guess_not_having_a_public_count_isnt_good_enough/#lightbox,10
https://www.reddit.com/r/memes/comments/1qik8a4/shove_into_friends_faces_when_you_want_them_to/#lightbox,8
https://www.reddit.com/r/memes/comments/1qicfs8/thats_how_it_is_sometimes/,7
https://www.reddit.com/r/memes/comments/1qiavvb/anime_hentai_ecchi_i_dont_know_wtf_it_is/#lightbox,8
https://www.reddit.com/r/memes/comments/1qhztp7/just_doing_my_due_diligence_as_a_linux_user_to/#lightbox,6
https://www.reddit.com/r/memes/comments/1qiif4x/french_madlad/#lightbox,7
https://www.reddit.com/r/memes/comments/1qiacl3/bronze_was_a_goated_metal_tbh/#lightbox,8
https://www.reddit.com/r/memes/comments/1qijnm4/thats_rough/#lightbox,4
https://www.reddit.com/r/PeterExplainsTheJoke/comments/1qiqhz8/peter_please_explain_this_meme/#lightbox,9
https://www.reddit.com/r/JeevaExplainsTheJoke/comments/1qg17kt/jeeva_ye_meme_kya_keh_laha_hai/#lightbox,8
https://www.reddit.com/r/memes/comments/1qiqx2j/artificial_intelligence/#lightbox,8
https://www.reddit.com/r/memes/comments/1qiqzc0/fly_on_the_wall/#lightbox,9
https://www.reddit.com/r/memes/comments/1qebvgp/iykyk/#lightbox,7
https://www.reddit.com/r/memes/comments/1qirhuu/theres_just_something_about_steam/#lightbox,8
https://www.reddit.com/r/memes/comments/1qiss9b/after_this_comes_devastation/#lightbox,10
https://www.reddit.com/r/memes/comments/1qiklg3/life_is_short/#lightbox,7
https://www.reddit.com/r/memes/comments/1qeai0d/everytime_man/#lightbox,4
https://www.reddit.com/r/memes/comments/1qimded/drawing_could_be_better_but_i_tried_and_thats/#lightbox,10
https://www.reddit.com/r/memes/comments/1qis4gb/bottom_two_are_just_brainrots/#lightbox,9
https://www.reddit.com/r/memes/comments/1qio13w/i_find_this_so_annoying/#lightbox,5
https://www.reddit.com/r/bollynewsandgossips/comments/1qio0va/no_actor_whose_entire_filmography_screams/#lightbox,6
https://www.reddit.com/r/memes/comments/1qiaq6b/the_perfect_neutrality/#lightbox,9
https://www.reddit.com/r/DesiMemeTemplates/comments/1qfeiaf/fir_bolte_hain_hum_par_joke_kyu_bante_hain/#lightbox,10
https://www.reddit.com/r/memes/comments/1qgy0zv/every_single_time_istg/#lightbox,9
https://www.reddit.com/r/ExplainTheJoke/comments/1qh6hx6/i_feel_like_i_should_get_this_but_i_dont/#lightbox,9
https://www.reddit.com/r/memes/comments/1qh59g7/how_life_hits_at_3am/#lightbox,7
https://www.reddit.com/r/IndianTeenagers/comments/1qipfgv/my_bro_really_got_rejected_like_this_yesterday/#lightbox,8
https://www.reddit.com/r/CBSE/comments/1qhwg2k/who_had_such_an_experience/#lightbox,7
https://www.reddit.com/r/Agra/comments/1qhxmeg/yeh_bhed_bhav_kyu/#lightbox,10
https://www.reddit.com/r/Doraemon/comments/1qg54z0/if_im_missing_something_lmk_but_poor_dekisugi/#lightbox,9
https://www.reddit.com/r/DesiMingle/comments/1qf99r6/is_this_true/#lightbox,8
https://www.reddit.com/r/TeenIndia/comments/1qgamu6/what_stream_are_you_in_and_is_it_hard/#lightbox,10
https://www.reddit.com/r/SaimanSays/comments/1qf727x/she_goes_outside_i_go_to_other_websites_damn/#lightbox,9
https://www.reddit.com/r/BollyBlindsNGossip/comments/1qiou9r/we_have_overtaken_kwk_now_the_show_that_probably/#lightbox,8
https://www.reddit.com/r/Real_teenindia/comments/1qg23w1/_/#lightbox,10
